,popularity_based,content_based,metadata_based,imdb
Interstellar,Inception,Alice in Wonderland,Silent Running,Inception
Interstellar,The Martian,We're Back! A Dinosaur's Story,The Martian,The Dark Knight
Interstellar,2001: A Space Odyssey,Batman v Superman: Dawn of Justice,Apollo 13,Forrest Gump
Interstellar,Moon,Cube²: Hypercube,Inception,The Matrix
Interstellar,Apollo 13,Pickup on South Street,The Astronaut's Wife,Fight Club
Interstellar,Contact,Gallipoli,Midnight Special,Se7en
Interstellar,Planet of the Apes,Love & Sex,Solaris,The Lord of the Rings: The Return of the King
Interstellar,Oblivion,Aloha,Stargate: The Ark of Truth,The Lord of the Rings: The Two Towers
Interstellar,The Giver,The Last Days of Disco,Approaching the Unknown,The Lord of the Rings: The Fellowship of the Ring
Interstellar,Terminator Genisys,Kalifornia,Solaris,Saving Private Ryan
Pulp Fiction,Reservoir Dogs,50/50,The Hateful Eight,Fight Club
Pulp Fiction,Django Unchained,City of Men,Jackie Brown,Forrest Gump
Pulp Fiction,Inglourious Basterds,Puppet Master III Toulon's Revenge,Reservoir Dogs,The Dark Knight
Pulp Fiction,Kill Bill: Vol. 1,The Lookout,Kill Bill: Vol. 1,Inception
Pulp Fiction,The Hateful Eight,Little Odessa,Kill Bill: Vol. 2,Se7en
Pulp Fiction,Kill Bill: Vol. 2,Moll Flanders,Inglourious Basterds,The Matrix
Pulp Fiction,Jackie Brown,An Evening with Kevin Smith,Django Unchained,The Godfather
Pulp Fiction,Death Proof,The Day of the Jackal,Basic,The Lord of the Rings: The Return of the King
Pulp Fiction,Oldboy,I Sell The Dead,S.W.A.T.,The Shawshank Redemption
Pulp Fiction,S.W.A.T.,Pride,Cleaner,The Silence of the Lambs
I Am Number Four,Inception,Legal Eagles,Green Lantern,Jumper
I Am Number Four,Aliens,Edge of Seventeen,The Island,Hansel & Gretel: Witch Hunters
I Am Number Four,Predator,Paulie,Taking Lives,Prince of Persia: The Sands of Time
I Am Number Four,X-Men Origins: Wolverine,Ever After: A Cinderella Story,The Shadow,John Carter
I Am Number Four,Armageddon,Used Cars,Déjà Vu,Wrath of the Titans
I Am Number Four,The Island,Black Mask,Stake Land,In Time
I Am Number Four,Déjà Vu,Cat People,Sky Captain and the World of Tomorrow,Clash of the Titans
I Am Number Four,Disturbia,My First Mister,Inception,Beastly
I Am Number Four,Eagle Eye,Deadtime Stories,The Saint,TRON: Legacy
I Am Number Four,Green Lantern,2 or 3 Things I Know About Her,The Core,Jack the Giant Slayer
The Core,Inception,The Rookie,Replicant,Volcano
The Core,Star Trek II: The Wrath of Khan,Pirates of the Caribbean: The Curse of the Black Pearl,Hawk the Slayer,Dante's Peak
The Core,Star Trek Beyond,Stick It,Solo,Deep Impact
The Core,Déjà Vu,The Day the Earth Stood Still,Darkman II: The Return of Durant,Twister
The Core,Paycheck,Light Sleeper,Paycheck,The Perfect Storm
The Core,Mad Max Beyond Thunderdome,Beverly Hills Chihuahua,Independence Day: Resurgence,Outbreak
The Core,I Am Number Four,An American Tail,Terminator Genisys,Daylight
The Core,Green Lantern,Wassup Rockers,I Am Number Four,null
The Core,Terminator Genisys,The Trip,Star Trek III: The Search for Spock,null
The Core,Independence Day: Resurgence,Bad Grandpa,Starship Troopers 3: Marauder,null
Green Lantern,Inception,Far Cry,Casino Royale,Fantastic 4: Rise of the Silver Surfer
Green Lantern,Casino Royale,The American President,GoldenEye,Fantastic Four
Green Lantern,Predator,Cría Cuervos,I Am Number Four,Ghost Rider
Green Lantern,Man of Steel,Prisoners,No Escape,Hulk
Green Lantern,Transformers,The Road,X-Men Origins: Wolverine,Superman Returns
Green Lantern,X-Men Origins: Wolverine,The Marriage of Maria Braun,The Shadow,Daredevil
Green Lantern,X2,Virtuosity,Criminal Law,Ghost Rider: Spirit of Vengeance
Green Lantern,Starship Troopers,Five Corners,X2,R.I.P.D.
Green Lantern,I Am Number Four,Beverly Hills Ninja,Vertical Limit,Elektra
Green Lantern,Jurassic Park III,The Edge,Predator,X-Men Origins: Wolverine
Terminator Genisys,Ant-Man,The Wicker Man,Terminator 3: Rise of the Machines,Terminator 3: Rise of the Machines
Terminator Genisys,Dawn of the Planet of the Apes,The Brothers Grimm,The Time Machine,Terminator Salvation
Terminator Genisys,The Terminator,Heartbreak Ridge,The Terminator,The Terminator
Terminator Genisys,Pacific Rim,Fear,Predator,Terminator 2: Judgment Day
Terminator Genisys,Thor: The Dark World,Enemies: A Love Story,Fortress,The Matrix Revolutions
Terminator Genisys,Insurgent,The Group,Pacific Rim,The Matrix Reloaded
Terminator Genisys,In Time,Rachel Getting Married,Journey 2: The Mysterious Island,The Expendables
Terminator Genisys,The Matrix Reloaded,Somersault,Terminator Salvation,The 6th Day
Terminator Genisys,The Matrix Revolutions,Batman: Year One,After Earth,The Last Stand
Terminator Genisys,After Earth,The Inkwell,Insurgent,Collateral Damage
Mad Max Beyond Thunderdome,Mad Max: Fury Road,George Carlin: Jammin' in New York,Mad Max: Fury Road,The Road Warrior
Mad Max Beyond Thunderdome,Star Trek Into Darkness,61*,Mad Max,Mad Max
Mad Max Beyond Thunderdome,The Hunger Games: Mockingjay - Part 2,Deathtrap,Mad Max 2: The Road Warrior,Lethal Weapon 2
Mad Max Beyond Thunderdome,Insurgent,The Postman,Star Trek Beyond,Lethal Weapon 3
Mad Max Beyond Thunderdome,Star Trek Beyond,Malena,Hawk the Slayer,Lethal Weapon
Mad Max Beyond Thunderdome,Happy Feet,Bully,After Earth,Lethal Weapon 4
Mad Max Beyond Thunderdome,After Earth,Alexander,Darkman II: The Return of Durant,Payback
Mad Max Beyond Thunderdome,Transformers: Age of Extinction,Reno 911!: Miami,Replicant,Ransom
Mad Max Beyond Thunderdome,Terminator Genisys,Layer Cake,Independence Day: Resurgence,Maverick
Mad Max Beyond Thunderdome,Independence Day: Resurgence,Trixie,The Hunger Games: Mockingjay - Part 2,Conspiracy Theory
After Earth,Ant-Man,Doug's 1st Movie,Unbreakable,The Happening
After Earth,The Sixth Sense,Superman Returns,Signs,Lady in the Water
After Earth,Predator,Dear White People,The Last Airbender,Signs
After Earth,The Hunger Games: Mockingjay - Part 2,House of Frankenstein,Wide Awake,The Village
After Earth,Unbreakable,Little Big League,The Happening,The Visit
After Earth,Signs,Women in Love,Tron,Devil
After Earth,The Visit,Sword of Vengeance,The Village,Hancock
After Earth,Planet of the Apes,Underworld: Evolution,Star Trek III: The Search for Spock,I Am Legend
After Earth,Transformers: Age of Extinction,The Yearling,Star Trek: Generations,null
After Earth,Independence Day: Resurgence,Masters of the Universe,The Visit,null
Pacific Rim,Guardians of the Galaxy,Victim,Hellboy,Pacific Rim: Uprising
Pacific Rim,Captain America: Civil War,"Honey, I Shrunk the Kids",Journey 2: The Mysterious Island,Godzilla
Pacific Rim,Ant-Man,A Christmas Carol,Oblivion,Dawn of the Planet of the Apes
Pacific Rim,Oblivion,Will Vinton's Claymation Christmas Celebration,Star Wars: The Clone Wars,Rise of the Planet of the Apes
Pacific Rim,Divergent,Picture Bride,Transformers: Dark of the Moon,King Kong
Pacific Rim,The Hunger Games: Mockingjay - Part 2,Places in the Heart,Terminator Genisys,Transformers
Pacific Rim,The Wolverine,28 Days,Captain America: Civil War,Hellboy
Pacific Rim,Transformers: Dark of the Moon,"Dancer, Texas Pop. 81",Journey to the Center of the Earth,Jurassic World
Pacific Rim,Transformers: Revenge of the Fallen,Zach Galifianakis: Live at the Purple Onion,Hellboy II: The Golden Army,Hellboy II: The Golden Army
Pacific Rim,Terminator Genisys,Topsy-Turvy,Guardians of the Galaxy,Kingsman: The Secret Service
Guardians of the Galaxy,The Avengers,Crimes of the Heart,Slither,Guardians of the Galaxy Vol. 2
Guardians of the Galaxy,Iron Man,Sukiyaki Western Django,Ant-Man,The Avengers
Guardians of the Galaxy,Captain America: Civil War,The Coca-Cola Kid,Captain America: Civil War,Avengers: Age of Ultron
Guardians of the Galaxy,Avengers: Age of Ultron,Geri's Game,The Avengers,Captain America: Civil War
Guardians of the Galaxy,Ant-Man,Swimming Pool,Captain America: The Winter Soldier,Captain America: The Winter Soldier
Guardians of the Galaxy,Captain America: The Winter Soldier,I Am Cuba,Iron Man,Doctor Strange
Guardians of the Galaxy,Iron Man 2,North,Iron Man 2,Iron Man
Guardians of the Galaxy,Pacific Rim,Rio 2,The Wolverine,Captain America: The First Avenger
Guardians of the Galaxy,Thor: The Dark World,Hall Pass,Oblivion,Iron Man 3
Guardians of the Galaxy,Oblivion,Dead Set,Pacific Rim,Thor
Iron Man,The Avengers,Empire of Passion,Iron Man 2,Iron Man 2
Iron Man,Deadpool,Fool for Love,Iron Man 3,Iron Man 3
Iron Man,Guardians of the Galaxy,Sorority House Massacre II,The Avengers,Thor
Iron Man,Captain America: Civil War,Blades of Glory,Made,Captain America: The First Avenger
Iron Man,Avengers: Age of Ultron,Tetsuo II: Body Hammer,Ant-Man,The Avengers
Iron Man,Ant-Man,"Greystoke: The Legend of Tarzan, Lord of the Apes",Captain America: Civil War,Captain America: The Winter Soldier
Iron Man,Iron Man 3,Aftermath,X2,Avengers: Age of Ultron
Iron Man,Captain America: The First Avenger,Testament,The Wolverine,Captain America: Civil War
Iron Man,Iron Man 2,Amazon Women on the Moon,Captain America: The First Avenger,Thor: The Dark World
Iron Man,Thor,High Noon,X-Men,Doctor Strange
Deadpool,The Avengers,Operation Petticoat,Ant-Man,Deadpool 2
Deadpool,Iron Man,The Young Master,Thor: The Dark World,Guardians of the Galaxy
Deadpool,Captain America: Civil War,The Morning After,The Avengers,Guardians of the Galaxy Vol. 2
Deadpool,Avengers: Age of Ultron,Coming Home,Captain America: The Winter Soldier,Doctor Strange
Deadpool,Ant-Man,Outbreak,Captain America: Civil War,Captain America: Civil War
Deadpool,Captain America: The Winter Soldier,Battle for Terra,Iron Man 2,The Avengers
Deadpool,Iron Man 3,Nancy Drew,The A-Team,Avengers: Age of Ultron
Deadpool,Captain America: The First Avenger,Punk's Dead: SLC Punk 2,Iron Man 3,Captain America: The Winter Soldier
Deadpool,Iron Man 2,Raze,Captain America: The First Avenger,Iron Man
Deadpool,Thor: The Dark World,The Brain That Wouldn't Die,Blankman,Thor: Ragnarok
Captain America: The First Avenger,The Avengers,25 Watts,Captain America: The Winter Soldier,Captain America: The Winter Soldier
Captain America: The First Avenger,Deadpool,Hot Shots! Part Deux,The Rocketeer,Thor
Captain America: The First Avenger,Iron Man,The Clowns,Ant-Man,Iron Man 3
Captain America: The First Avenger,Captain America: Civil War,The Road,The Avengers,Iron Man 2
Captain America: The First Avenger,Avengers: Age of Ultron,Problem Child 2,Iron Man 3,Iron Man
Captain America: The First Avenger,Ant-Man,Fury,Captain America: Civil War,The Avengers
Captain America: The First Avenger,Iron Man 3,The Next Three Days,Iron Man 2,Captain America: Civil War
Captain America: The First Avenger,Iron Man 2,Invictus,Iron Man,Thor: The Dark World
Captain America: The First Avenger,Thor,Enron: The Smartest Guys in the Room,The Incredible Hulk,Avengers: Age of Ultron
Captain America: The First Avenger,Man of Steel,Following Sean,Thor: The Dark World,Ant-Man
Avengers: Age of Ultron,The Avengers,"People, Places, Things",The Avengers,The Avengers
Avengers: Age of Ultron,Iron Man,How Green Was My Valley,Serenity,Captain America: Civil War
Avengers: Age of Ultron,Captain America: Civil War,My Stepmother is an Alien,Captain America: Civil War,Captain America: The Winter Soldier
Avengers: Age of Ultron,Ant-Man,Barcelona,Ant-Man,Captain America: The First Avenger
Avengers: Age of Ultron,Captain America: The Winter Soldier,The Rules of the Game,Dr. Horrible's Sing-Along Blog,Iron Man 3
Avengers: Age of Ultron,Iron Man 3,Shrek 2,Captain America: The Winter Soldier,Iron Man
Avengers: Age of Ultron,Captain America: The First Avenger,The Toy,Iron Man 3,Guardians of the Galaxy
Avengers: Age of Ultron,Iron Man 2,The Human Centipede 2 (Full Sequence),Thor: The Dark World,Doctor Strange
Avengers: Age of Ultron,Thor,Extreme Prejudice,Captain America: The First Avenger,Thor
Avengers: Age of Ultron,Thor: The Dark World,Illuminata,Iron Man 2,Guardians of the Galaxy Vol. 2
Man of Steel,The Avengers,Robots,Batman v Superman: Dawn of Justice,Batman v Superman: Dawn of Justice
Man of Steel,X-Men: Days of Future Past,The Substance of Fire,Superman II,Wonder Woman
Man of Steel,Ant-Man,Not Suitable For Children,Superman III,Justice League
Man of Steel,300,The Man in the White Suit,Superman Returns,Iron Man 2
Man of Steel,Watchmen,Get Real,The Wolverine,Thor
Man of Steel,X-Men,Senna,Superman,Captain America: The First Avenger
Man of Steel,The Wolverine,Red Beard,X-Men: Days of Future Past,Captain America: The Winter Soldier
Man of Steel,X2,Paperman,Justice League: The Flashpoint Paradox,Iron Man 3
Man of Steel,Teenage Mutant Ninja Turtles,You Can't Take It With You,Watchmen,Thor: The Dark World
Man of Steel,Batman v Superman: Dawn of Justice,A Time to Kill,Justice League: Crisis on Two Earths,Iron Man
X-Men,The Avengers,Crazy Love,X2,X2: X-Men United
X-Men,Iron Man,Hellboy II: The Golden Army,X-Men: The Last Stand,X-Men: The Last Stand
X-Men,Captain America: Civil War,Sleepers,X-Men: Days of Future Past,X-Men: First Class
X-Men,X-Men: Days of Future Past,Cimarron,X-Men: Apocalypse,X-Men Origins: Wolverine
X-Men,Ant-Man,Panic in the Streets,Superman Returns,X-Men: Days of Future Past
X-Men,Captain America: The Winter Soldier,Almost Heroes,The Wolverine,The Wolverine
X-Men,Iron Man 3,Beauty Is Embarrassing,Iron Man 2,X-Men: Apocalypse
X-Men,Captain America: The First Avenger,Pale Rider,X-Men: First Class,Spider-Man 2
X-Men,Iron Man 2,A Farewell to Arms,Iron Man,Spider-Man
X-Men,Man of Steel,Imagine: John Lennon,Ant-Man,The Amazing Spider-Man
X-Men: First Class,The Avengers,Batman: Year One,X2,X-Men: Days of Future Past
X-Men: First Class,Guardians of the Galaxy,Sunshine,X-Men,X-Men
X-Men: First Class,Iron Man,The Shootist,X-Men: Apocalypse,X2: X-Men United
X-Men: First Class,Captain America: Civil War,The Descendants,The Wolverine,X-Men: The Last Stand
X-Men: First Class,X-Men: Days of Future Past,Children of the Corn,Kingsman: The Secret Service,X-Men: Apocalypse
X-Men: First Class,Kingsman: The Secret Service,Nim's Island,X-Men: Days of Future Past,X-Men Origins: Wolverine
X-Men: First Class,Iron Man 3,Babette's Feast,X-Men: The Last Stand,The Wolverine
X-Men: First Class,Captain America: The First Avenger,Cool Runnings,Kick-Ass,Spider-Man 2
X-Men: First Class,Iron Man 2,The Promise,Iron Man,Iron Man 2
X-Men: First Class,Man of Steel,The Girlfriend Experience,Iron Man 2,Spider-Man
Superman,The Avengers,Beyond the Valley of the Dolls,Superman II,Superman II
Superman,X-Men: Days of Future Past,Nell,Superman Returns,Superman III
Superman,Ant-Man,The Five Obstructions,Superman III,Superman Returns
Superman,Iron Man 2,Far from the Madding Crowd,Man of Steel,Batman
Superman,Man of Steel,Hostel,Timeline,Batman Returns
Superman,The Wolverine,About a Boy,Superman IV: The Quest for Peace,Superman II: The Richard Donner Cut
Superman,Lethal Weapon 2,The Crow: City of Angels,Batman v Superman: Dawn of Justice,Batman Forever
Superman,Lethal Weapon 4,Steel Magnolias,Ant-Man,Ghostbusters II
Superman,Superman Returns,Bon voyage,Lethal Weapon 4,Ghostbusters
Superman,Batman v Superman: Dawn of Justice,Twilight Zone: The Movie,X-Men: Days of Future Past,Batman & Robin
The Sixth Sense,Gone Girl,The Hours,Unbreakable,Signs
The Sixth Sense,Mystic River,Dummy,The Village,The Village
The Sixth Sense,Unbreakable,Looking for Richard,Wide Awake,Unbreakable
The Sixth Sense,Signs,Confessions of a Dangerous Mind,Signs,Jurassic Park
The Sixth Sense,The Visit,Chinatown,The Last Airbender,V for Vendetta
The Sixth Sense,Ghost,Forever Fever,The Visit,The Truman Show
The Sixth Sense,The Village,Cimarron,Lady in the Water,Lady in the Water
The Sixth Sense,After Earth,"Greystoke: The Legend of Tarzan, Lord of the Apes",The Happening,American Beauty
The Sixth Sense,The Happening,Fantastic Planet,After Earth,Shutter Island
The Sixth Sense,The Last Airbender,An American in Paris,Gone Girl,The Shining
Unbreakable,The Sixth Sense,Cinderfella,The Sixth Sense,Split
Unbreakable,Signs,Life Stinks,Wide Awake,Glass
Unbreakable,The Visit,Every Thing Will Be Fine,Signs,Signs
Unbreakable,The Village,Fast & Furious 6,The Village,The Sixth Sense
Unbreakable,The One,My Name Is Bruce,After Earth,The Village
Unbreakable,Dreamcatcher,Colombiana,The Happening,Avengers: Infinity War
Unbreakable,Knowing,No One Lives,The Visit,Black Panther
Unbreakable,After Earth,Ju-on: The Grudge 2,The Last Airbender,Solo: A Star Wars Story
Unbreakable,The Happening,Brothers,Lady in the Water,Get Out
Unbreakable,The Last Airbender,Rambo,Seconds,It
The Village,The Sixth Sense,The Closet,Signs,Signs
The Village,Unbreakable,The 39 Steps,Wide Awake,Lady in the Water
The Village,Signs,Winnie the Pooh and Tigger Too,The Sixth Sense,The Sixth Sense
The Village,The Visit,Anacondas: The Hunt for the Blood Orchid,Unbreakable,The Visit
The Village,The Bone Collector,The Cold Light of Day,The Visit,The Happening
The Village,The Firm,"Farewell, My Lovely",The Last Airbender,Unbreakable
The Village,Lady in the Water,Switchback,Lady in the Water,Devil
The Village,After Earth,Palmetto,The Happening,After Earth
The Village,The Happening,Restoration,After Earth,Split
The Village,The Last Airbender,Bush's Brain,Gosford Park,Men in Black
Minority Report,Inception,Batman v Superman: Dawn of Justice,War of the Worlds,War of the Worlds
Minority Report,Jurassic Park,Blood: The Last Vampire,The Thirteenth Floor,Oblivion
Minority Report,Blade Runner,The Past,Close Encounters of the Third Kind,Edge of Tomorrow
Minority Report,I Am Legend,Inauguration of the Pleasure Dome,Fortress,"I, Robot"
Minority Report,Oblivion,The Cutting Edge: The Magic of Movie Editing,Twilight Zone: The Movie,District 9
Minority Report,Looper,I'll See You in My Dreams,In Time,Looper
Minority Report,In Time,Fire,Looper,Men in Black
Minority Report,The Lost World: Jurassic Park,Wag the Dog,The Lost World: Jurassic Park,I Am Legend
Minority Report,War of the Worlds,Asterix the Gaul,Zardoz,Independence Day
Minority Report,The Book of Eli,Miami Vice,A.I. Artificial Intelligence,Elysium
Looper,Inception,In My Skin,The Brothers Bloom,Limitless
Looper,Blade Runner,Shane,Brick,Edge of Tomorrow
Looper,Minority Report,City of Ember,Minority Report,Source Code
Looper,Children of Men,Monsters University,Terminator Genisys,Oblivion
Looper,I Am Legend,"Yours, Mine and Ours",Inception,Elysium
Looper,In Time,Random Harvest,Fortress,Minority Report
Looper,The Book of Eli,The Hustler,The Time Machine,"I, Robot"
Looper,Don Jon,Orphan,In Time,District 9
Looper,RoboCop,Woo,Don Jon,I Am Legend
Looper,Terminator Genisys,Next Stop Wonderland,Déjà Vu,The Butterfly Effect
Shutter Island,GoodFellas,The Funeral,Who's That Knocking at My Door,The Wolf of Wall Street
Shutter Island,The Wolf of Wall Street,Himalaya,A Letter to Elia,Catch Me If You Can
Shutter Island,The Departed,The Human Stain,The Departed,Django Unchained
Shutter Island,Gangs of New York,The Misfits,The Aviator,Inglourious Basterds
Shutter Island,The Aviator,The Boston Strangler,Boxcar Bertha,Inception
Shutter Island,Casino,Taken 2,The Color of Money,The Prestige
Shutter Island,Raging Bull,Stars & Bars,Casino,Memento
Shutter Island,Mean Streets,Un chien andalou,Mean Streets,Kill Bill: Vol. 1
Shutter Island,The King of Comedy,Blood Diamond,Alice Doesn't Live Here Anymore,Se7en
Shutter Island,The Color of Money,It Came from Hollywood,"New York, New York",Batman Begins
The Departed,GoodFellas,When the Levees Broke: A Requiem in Four Acts,Who's That Knocking at My Door,Saving Private Ryan
The Departed,The Wolf of Wall Street,The Tenant,Boxcar Bertha,Se7en
The Departed,Shutter Island,Death Wish 5: The Face of Death,Shutter Island,Goodfellas
The Departed,Gangs of New York,American Pie Presents: Band Camp,A Letter to Elia,Gladiator
The Departed,The Aviator,Wilde,Casino,The Prestige
The Departed,Casino,WarGames,Mean Streets,Fight Club
The Departed,Donnie Brasco,Tap,The Aviator,American History X
The Departed,Raging Bull,The Last Days,The Color of Money,Inception
The Departed,Cape Fear,The Conjuring,Alice Doesn't Live Here Anymore,The Usual Suspects
The Departed,Mean Streets,Stargate: The Ark of Truth,"New York, New York",Forrest Gump
Inglourious Basterds,Pulp Fiction,Brooklyn,The Hateful Eight,Django Unchained
Inglourious Basterds,Reservoir Dogs,"What Happened, Miss Simone?",Kill Bill: Vol. 1,Kill Bill: Vol. 1
Inglourious Basterds,Django Unchained,Rio,Reservoir Dogs,Reservoir Dogs
Inglourious Basterds,Kill Bill: Vol. 1,Looking for Richard,Django Unchained,The Wolf of Wall Street
Inglourious Basterds,The Hateful Eight,Dream for an Insomniac,Death Proof,Pulp Fiction
Inglourious Basterds,Kill Bill: Vol. 2,The Phantom of the Opera,Kill Bill: Vol. 2,Shutter Island
Inglourious Basterds,Fury,Mighty Aphrodite,Jackie Brown,Kill Bill: Vol. 2
Inglourious Basterds,Jackie Brown,The Body Snatcher,The Eagle Has Landed,Fight Club
Inglourious Basterds,Death Proof,The Secret World of Arrietty,Pulp Fiction,Forrest Gump
Inglourious Basterds,Walking Tall,A Chinese Ghost Story II,The Dam Busters,Gladiator
Se7en,Fight Club,Fellini Satyricon,Zodiac,Django Unchained
Se7en,Gone Girl,Phantasm III: Lord of the Dead,Fight Club,Kill Bill: Vol. 1
Se7en,The Curious Case of Benjamin Button,Linda Linda Linda,The Girl with the Dragon Tattoo,Reservoir Dogs
Se7en,The Girl with the Dragon Tattoo,The Women,Gone Girl,The Wolf of Wall Street
Se7en,Zodiac,Kalifornia,Panic Room,Pulp Fiction
Se7en,The Game,Pursuit of Happiness,The Curious Case of Benjamin Button,Shutter Island
Se7en,Panic Room,The Ipcress File,Along Came a Spider,Kill Bill: Vol. 2
Se7en,The Bone Collector,Killers,The January Man,Fight Club
Se7en,Along Came a Spider,Sharknado 3: Oh Hell No!,Taking Lives,Forrest Gump
Se7en,Taking Lives,The Twilight Saga: Breaking Dawn - Part 1,Zero Effect,Gladiator
Fight Club,Se7en,Cul-de-sac,The Social Network,Pulp Fiction
Fight Club,A Clockwork Orange,Riding in Cars with Boys,Se7en,Forrest Gump
Fight Club,Gone Girl,Morgan: A Suitable Case for Treatment,The Curious Case of Benjamin Button,Inception
Fight Club,The Social Network,Beneath the Planet of the Apes,The Game,Se7en
Fight Club,The Curious Case of Benjamin Button,Paranormal Activity 3,Gone Girl,The Matrix
Fight Club,The Girl with the Dragon Tattoo,The Cup,Panic Room,The Dark Knight
Fight Club,Zodiac,Le Samouraï,Zodiac,The Shawshank Redemption
Fight Club,World War Z,Gone Fishin',Alien³,The Lord of the Rings: The Return of the King
Fight Club,The Giver,Gone,The Girl with the Dragon Tattoo,The Lord of the Rings: The Fellowship of the Ring
Fight Club,Alien³,Fast Five,Keeping the Faith,The Silence of the Lambs
Panic Room,Fight Club,Hearts and Minds,Premium Rush,Phone Booth
Panic Room,Se7en,Fargo,The Trigger Effect,Flightplan
Panic Room,Gone Girl,Storytelling,Zulu,The Game
Panic Room,The Social Network,Harold & Kumar Escape from Guantanamo Bay,Zodiac,Zodiac
Panic Room,The Curious Case of Benjamin Button,Once,The Curious Case of Benjamin Button,Disturbia
Panic Room,The Girl with the Dragon Tattoo,The Face of an Angel,The Game,The Curious Case of Benjamin Button
Panic Room,Zodiac,Lean On Me,Gone Girl,The Girl with the Dragon Tattoo
Panic Room,The Game,Control,Street Kings,Insomnia
Panic Room,Premium Rush,Bad Influence,Se7en,Mystic River
Panic Room,Street Kings,Where the Money is,"This World, Then the Fireworks",The Social Network
The Game,Fight Club,Hidalgo,Surrogates,Panic Room
The Game,Se7en,Love & Sex,Terminator Salvation,Zodiac
The Game,Gone Girl,Enigma,The Curious Case of Benjamin Button,The Machinist
The Game,The Social Network,King of Kings,Gone Girl,Mystic River
The Game,The Curious Case of Benjamin Button,Catfish,Panic Room,Identity
The Game,The Girl with the Dragon Tattoo,The Skeleton Key,Fight Club,The Girl with the Dragon Tattoo
The Game,Zodiac,Bad Timing,The Social Network,Insomnia
The Game,Panic Room,The Man from Snowy River,Zodiac,The Curious Case of Benjamin Button
The Game,Surrogates,Anne Frank Remembered,The Crossing Guard,The Social Network
The Game,Terminator Salvation,Deep Water,Silent Fall,Primal Fear
Zodiac,Se7en,Battle for the Planet of the Apes,Se7en,Prisoners
Zodiac,Gone Girl,The Velocity of Gary,Panic Room,Nightcrawler
Zodiac,The Curious Case of Benjamin Button,Stuart Little,Frenzy,The Social Network
Zodiac,The Girl with the Dragon Tattoo,Buck,Gone Girl,The Game
Zodiac,Blue Velvet,Extreme Days,Rope,Gone Girl
Zodiac,Rope,Chasers,Edge of Darkness,Drive
Zodiac,Panic Room,Callas Forever,Perfect Stranger,Source Code
Zodiac,The Negotiator,The Forsaken,The Pledge,Se7en
Zodiac,Edge of Darkness,A Perfect World,Lantana,The Girl with the Dragon Tattoo
Zodiac,Kill the Messenger,In the Heat of the Night,The Morning After,Panic Room
Spider-Man,Ant-Man,Beverly Hills Cop III,Spider-Man 3,Spider-Man 2
Spider-Man,Iron Man 2,40 Days and 40 Nights,Spider-Man 2,Spider-Man 3
Spider-Man,Thor,La Luna,Drag Me to Hell,The Amazing Spider-Man
Spider-Man,Thor: The Dark World,Sword of the Stranger,Oz: The Great and Powerful,The Amazing Spider-Man 2
Spider-Man,Spider-Man 2,The Dogs of War,The Quick and the Dead,X-Men
Spider-Man,The Wolverine,T-Rex: Back to the Cretaceous,Evil Dead II,X2: X-Men United
Spider-Man,X2,My Favorite Martian,Daredevil,X-Men: The Last Stand
Spider-Man,Hancock,For Richer or Poorer,Army of Darkness,X-Men Origins: Wolverine
Spider-Man,Oz: The Great and Powerful,Strangers on a Train,The Gift,X-Men: First Class
Spider-Man,Spider-Man 3,Thor,Darkman,Iron Man
Ant-Man,The Avengers,Jaws: The Revenge,The Avengers,Captain America: Civil War
Ant-Man,Deadpool,"Lock, Stock and Two Smoking Barrels",Captain America: The Winter Soldier,Captain America: The Winter Soldier
Ant-Man,Guardians of the Galaxy,The Transporter,Captain America: Civil War,Avengers: Age of Ultron
Ant-Man,Iron Man,Howl's Moving Castle,Thor: The Dark World,Doctor Strange
Ant-Man,Captain America: Civil War,Broadway Danny Rose,Captain America: The First Avenger,Iron Man 3
Ant-Man,Avengers: Age of Ultron,Dark Blue World,Iron Man 2,Captain America: The First Avenger
Ant-Man,Iron Man 3,The Big Store,Iron Man 3,Thor
Ant-Man,Captain America: The First Avenger,Running on Empty,Avengers: Age of Ultron,Iron Man
Ant-Man,Iron Man 2,Revolution OS,The Incredible Hulk,The Avengers
Ant-Man,Thor,Flubber,Iron Man,Iron Man 2
Hancock,Pirates of the Caribbean: The Curse of the Black Pearl,Angela,Lone Survivor,"I, Robot"
Hancock,Spider-Man,North,Romeo and Juliet,I Am Legend
Hancock,Pirates of the Caribbean: At World's End,Altered States,The Losers,Men in Black
Hancock,Spider-Man 2,Next Stop Wonderland,Spider-Man 3,Men in Black II
Hancock,Underworld,Doug's 1st Movie,Spider-Man,Mr. & Mrs. Smith
Hancock,Hellboy,Hamlet,Underworld,Independence Day
Hancock,Daredevil,Dear White People,The Rundown,300
Hancock,Night at the Museum: Battle of the Smithsonian,Of Mice and Men,Spider-Man 2,World War Z
Hancock,Battleship,Duets,The Kingdom,Men in Black 3
Hancock,Spider-Man 3,The Golem: How He Came Into the World,Battleship,The Day After Tomorrow
White House Down,Independence Day,Abduction,Independence Day: Resurgence,Olympus Has Fallen
White House Down,The Day After Tomorrow,True Lies,Truth,London Has Fallen
White House Down,The Patriot,Gone Girl,"10,000 BC",Taken 2
White House Down,Stargate,Platoon,Universal Soldier,Taken 3
White House Down,In the Line of Fire,The Rewrite,The Hunter,Taken
White House Down,Universal Soldier,Blades of Glory,Seeking Justice,Non-Stop
White House Down,"10,000 BC",The Texas Chain Saw Massacre,Swelter,RED
White House Down,Godzilla,Aftermath,Swelter,Unknown
White House Down,2012,RED 2,Stargate,The A-Team
White House Down,Independence Day: Resurgence,Yi Yi,2012,Transporter 2
A Beautiful Mind,Rush,A Very Harold & Kumar Christmas,Far and Away,American Beauty
A Beautiful Mind,Apollo 13,The Motorcycle Diaries,Rush,Catch Me If You Can
A Beautiful Mind,Breakfast at Tiffany's,My Week with Marilyn,Splash,Shutter Island
A Beautiful Mind,Before Sunset,Outland,Parenthood,The Wolf of Wall Street
A Beautiful Mind,Cinderella Man,Little Nemo: Adventures In Slumberland,Frost/Nixon,The Truman Show
A Beautiful Mind,Frida,Godzilla,The Paper,Gladiator
A Beautiful Mind,Frost/Nixon,The Innocents,An Officer and a Gentleman,Memento
A Beautiful Mind,While You Were Sleeping,Mutant Chronicles,Frida,The Prestige
A Beautiful Mind,Splash,The Witches,Cinderella Man,Inglourious Basterds
A Beautiful Mind,Far and Away,Phantom of the Opera,Two Lovers,The Green Mile
The Day After Tomorrow,Star Trek II: The Wrath of Khan,Undercover Blues,Independence Day: Resurgence,Independence Day
The Day After Tomorrow,Independence Day,The Revenant,Stargate,Armageddon
The Day After Tomorrow,Star Trek Beyond,The Thing,2012,2012
The Day After Tomorrow,White House Down,Cross of Iron,Independence Day,"I, Robot"
The Day After Tomorrow,Stargate,The Aristocrats,Replicant,Men in Black
The Day After Tomorrow,Paycheck,The Perfect Host,Universal Soldier,Men in Black II
The Day After Tomorrow,Godzilla,Paths of Glory,Escape from L.A.,War of the Worlds
The Day After Tomorrow,Knowing,Gaslight,Solo,Hancock
The Day After Tomorrow,2012,Greed,Darkman II: The Return of Durant,I Am Legend
The Day After Tomorrow,Independence Day: Resurgence,The Blood on Satan's Claw,Paycheck,Men in Black 3
Die Hard,Predator,The 'Burbs,Die Hard: With a Vengeance,Die Hard 2
Die Hard,The Hunt for Red October,Phenomenon,Die Hard 2,Die Hard with a Vengeance
Die Hard,Taken 2,Aladdin,The Hunt for Red October,Live Free or Die Hard
Die Hard,Live Free or Die Hard,Sita Sings the Blues,Nomads,A Good Day to Die Hard
Die Hard,Die Hard: With a Vengeance,I'm Not Scared,Live Free or Die Hard,Indiana Jones and the Last Crusade
Die Hard,Die Hard 2,Angst,Basic,Jurassic Park
Die Hard,Gone in Sixty Seconds,O Lucky Man!,Rollerball,The Terminator
Die Hard,Con Air,The Man from U.N.C.L.E.,Predator,Terminator 2: Judgment Day
Die Hard,Last Action Hero,"The Cook, the Thief, His Wife & Her Lover",The Thomas Crown Affair,Alien
Die Hard,G.I. Joe: The Rise of Cobra,Desert Bloom,The 13th Warrior,Back to the Future
Rocky,The Notebook,Tristana,Rocky V,Rocky II
Rocky,Frida,Re-Animator,Rocky II,Rocky III
Rocky,Rocky IV,"Good Morning, Babylon",Rocky Balboa,Rocky IV
Rocky,Rocky II,Kramer vs. Kramer,The Karate Kid,Rocky Balboa
Rocky,The Karate Kid,Falling Down,The Power of One,Rocky V
Rocky,Rocky III,Fly Away Home,The Formula,Creed
Rocky,Rocky Balboa,Creepshow 2,8 Seconds,Jaws
Rocky,Cold Mountain,The Invisible Circus,Neighbors,The Terminator
Rocky,"The Karate Kid, Part II",Ordinary People,Lean On Me,Rambo
Rocky,Rocky V,Harlem Nights,"The Karate Kid, Part II",First Blood
The Pursuit of Happyness,The Wolf of Wall Street,Streamers,Seven Pounds,Seven Pounds
The Pursuit of Happyness,Seven Pounds,Into the Arms of Strangers: Stories of the Kindertransport,The Last Kiss,Hitch
The Pursuit of Happyness,Concussion,The Treasure of the Sierra Madre,Ali,I Am Legend
The Pursuit of Happyness,Milk,Close Encounters of the Third Kind,The Wolf of Wall Street,Focus
The Pursuit of Happyness,42,Fail-Safe,Kafka,Cast Away
The Pursuit of Happyness,Ali,The Immature,Jefferson in Paris,The Terminal
The Pursuit of Happyness,My Week with Marilyn,The Polar Express,Reversal of Fortune,Men in Black
The Pursuit of Happyness,Truth,John Wick,Get on Up,127 Hours
The Pursuit of Happyness,Get on Up,The Walking Dead,Concussion,"I, Robot"
The Pursuit of Happyness,Dragon: The Bruce Lee Story,Shades of Ray,King of Kings,Hancock
I Am Legend,Mad Max: Fury Road,Man of the House,Stake Land,"I, Robot"
I Am Legend,The Maze Runner,Are We There Yet?,The Hunger Games: Mockingjay - Part 1,Hancock
I Am Legend,Terminator 2: Judgment Day,Marcello Mastroianni: I Remember,The Book of Eli,World War Z
I Am Legend,Twelve Monkeys,Austin Powers in Goldmember,Mad Max,Men in Black
I Am Legend,The Hunger Games: Mockingjay - Part 1,Days of Wine and Roses,Resident Evil: Extinction,Independence Day
I Am Legend,World War Z,Coraline,Battle for the Planet of the Apes,300
I Am Legend,The Hunger Games: Mockingjay - Part 2,And So It Goes,The Omega Man,Men in Black II
I Am Legend,The Book of Eli,Sullivan's Travels,The Hunger Games: Mockingjay - Part 2,Mr. & Mrs. Smith
I Am Legend,Resident Evil: Extinction,The Mortal Instruments: City of Bones,Water for Elephants,Men in Black 3
I Am Legend,9,Lightning Jack,Dragon Wars: D-War,The Day After Tomorrow
Captain America: The Winter Soldier,The Avengers,Scoop,Captain America: Civil War,Captain America: The First Avenger
Captain America: The Winter Soldier,Deadpool,Buffalo '66,Ant-Man,Captain America: Civil War
Captain America: The Winter Soldier,Guardians of the Galaxy,Rififi,The Avengers,Avengers: Age of Ultron
Captain America: The Winter Soldier,Iron Man,Lifeforce,Captain America: The First Avenger,The Avengers
Captain America: The Winter Soldier,Captain America: Civil War,School Daze,Thor: The Dark World,Iron Man 3
Captain America: The Winter Soldier,Avengers: Age of Ultron,Original Sin,Iron Man 3,Thor
Captain America: The Winter Soldier,Iron Man 3,The Wolfpack,Avengers: Age of Ultron,Iron Man
Captain America: The Winter Soldier,Captain America: The First Avenger,First Kid,Iron Man 2,Iron Man 2
Captain America: The Winter Soldier,Iron Man 2,The International,Iron Man,Thor: The Dark World
Captain America: The Winter Soldier,Thor,Star Wars: The Force Awakens,Deadpool,Ant-Man
Thor,The Avengers,Love Is Strange,Thor: The Dark World,Thor: The Dark World
Thor,Deadpool,Pushing Tin,Captain America: The Winter Soldier,Captain America: The First Avenger
Thor,Iron Man,Troll Hunter,Ant-Man,Iron Man 2
Thor,Captain America: Civil War,Game Change,Captain America: The First Avenger,Iron Man
Thor,Avengers: Age of Ultron,"You, Me and Dupree",The Avengers,Iron Man 3
Thor,Iron Man 3,Au Revoir les Enfants,Iron Man 2,Captain America: The Winter Soldier
Thor,Captain America: The First Avenger,Notting Hill,Captain America: Civil War,The Avengers
Thor,Iron Man 2,Spider-Man,Iron Man 3,Avengers: Age of Ultron
Thor,Man of Steel,The Doom Generation,Iron Man,Captain America: Civil War
Thor,Batman v Superman: Dawn of Justice,Kids,Avengers: Age of Ultron,Ant-Man
Batman v Superman: Dawn of Justice,300,You've Got Mail,Man of Steel,Man of Steel
Batman v Superman: Dawn of Justice,Watchmen,Blood: The Last Vampire,300,Justice League
Batman v Superman: Dawn of Justice,Iron Man 2,3-Day Weekend,Superman II,Wonder Woman
Batman v Superman: Dawn of Justice,The Amazing Spider-Man,Minority Report,Legend of the Guardians: The Owls of Ga'Hoole,Suicide Squad
Batman v Superman: Dawn of Justice,Thor,Snow Dogs,Superman III,Captain America: Civil War
Batman v Superman: Dawn of Justice,Man of Steel,Inauguration of the Pleasure Dome,Superman Returns,Avengers: Age of Ultron
Batman v Superman: Dawn of Justice,Thor: The Dark World,Barbarians at the Gate,Watchmen,Captain America: The Winter Soldier
Batman v Superman: Dawn of Justice,The Amazing Spider-Man 2,The White Balloon,Justice League: Crisis on Two Earths,Thor
Batman v Superman: Dawn of Justice,The Wolverine,The Lives of Others,Thor: The Dark World,Captain America: The First Avenger
Batman v Superman: Dawn of Justice,Teenage Mutant Ninja Turtles,Lavoura Arcaica,Teenage Mutant Ninja Turtles,The Avengers
